{
  "timestamp": 1755375016.4567266,
  "baseline_result": {
    "condition": "Baseline",
    "accuracy": 0.7895865708304239,
    "diversity": 1.0,
    "efficiency": 0.9997085332870483,
    "quality": 0.47071972156535513,
    "selection_count": 5,
    "computation_time_ms": 0.05829334259033203,
    "metrics": {
      "accuracy_std": 0.04823138972767916,
      "diversity_std": 0.0,
      "raw_results": {
        "accuracy": [
          0.8373131419051443,
          0.8225538199552013,
          0.8113991169302931,
          0.7547932170860897,
          0.7488519756807078,
          0.8683853942941326,
          0.7436309058535591,
          0.7297649949382629
        ],
        "diversity": [
          1.0,
          1.0,
          1.0,
          1.0,
          1.0,
          1.0,
          1.0,
          1.0
        ],
        "efficiency": [
          0.9995553493499756,
          0.9996471405029297,
          0.9997365474700928,
          0.9997508525848389,
          0.9997580051422119,
          0.9997580051422119,
          0.9997615814208984,
          0.9997007846832275
        ],
        "quality": [
          0.5549056088233106,
          0.41630820209057223,
          0.5877061294429786,
          0.43098632555699595,
          0.4833383534154833,
          0.4344225229139391,
          0.46017923988550347,
          0.3979113903940579
        ],
        "selection_counts": [
          5,
          5,
          5,
          5,
          5,
          5,
          5,
          5
        ],
        "computation_times": [
          0.08893013000488281,
          0.0705718994140625,
          0.05269050598144531,
          0.04982948303222656,
          0.04839897155761719,
          0.04839897155761719,
          0.0476837158203125,
          0.05984306335449219
        ]
      }
    }
  },
  "v1_enhanced_result": {
    "condition": "V1-Enhanced",
    "accuracy": 0.7185226339962016,
    "diversity": 0.718125,
    "efficiency": 0.8434543669223785,
    "quality": 0.4652766270944567,
    "selection_count": 2,
    "computation_time_ms": 1.309126615524292,
    "metrics": {
      "accuracy_std": 0.03687059259761154,
      "diversity_std": 0.24748342747545746,
      "raw_results": {
        "accuracy": [
          0.7602563539066136,
          0.7863391930802017,
          0.7217976086660359,
          0.681797608666036,
          0.6817976086660359,
          0.681797608666036,
          0.7017976086660359,
          0.7325974816526173
        ],
        "diversity": [
          0.5025,
          0.8400000000000001,
          1.0,
          1.0,
          0.45,
          0.5025,
          0.45,
          1.0
        ],
        "efficiency": [
          0.841610050201416,
          0.8436473369598388,
          0.8432539463043213,
          0.8440037727355957,
          0.8432432174682617,
          0.8441611289978027,
          0.8436246871948242,
          0.8440907955169678
        ],
        "quality": [
          0.5897523093419742,
          0.3870420324239131,
          0.47021051552696264,
          0.3702105155269626,
          0.534496229812677,
          0.476653092557775,
          0.534496229812677,
          0.35935209175271243
        ],
        "selection_counts": [
          2,
          2,
          2,
          2,
          2,
          2,
          2,
          2
        ],
        "computation_times": [
          1.6779899597167969,
          1.2705326080322266,
          1.3492107391357422,
          1.1992454528808594,
          1.3513565063476562,
          1.1677742004394531,
          1.2750625610351562,
          1.1818408966064453
        ]
      }
    }
  },
  "v2_complete_result": {
    "condition": "V2-Complete",
    "accuracy": 0.7960022170899436,
    "diversity": 0.7778125,
    "efficiency": 0.8399604916572571,
    "quality": 0.6738121690167522,
    "selection_count": 2,
    "computation_time_ms": 2.007901668548584,
    "metrics": {
      "accuracy_std": 0.0399150094340085,
      "diversity_std": 0.2134736426206992,
      "raw_results": {
        "accuracy": [
          0.7865504006354203,
          0.856890713930587,
          0.7518531847394434,
          0.7465504006354202,
          0.8568907139305869,
          0.7863391930802017,
          0.7725974816526172,
          0.810345648115272
        ],
        "diversity": [
          0.5025,
          0.8400000000000001,
          0.8400000000000001,
          0.8400000000000001,
          0.36,
          1.0,
          1.0,
          0.8400000000000001
        ],
        "efficiency": [
          0.8388765811920166,
          0.8402904033660888,
          0.8396407127380371,
          0.8403440475463867,
          0.839858865737915,
          0.8402713298797607,
          0.8398946285247803,
          0.8405073642730713
        ],
        "quality": [
          0.8351107236759254,
          0.6223349590502955,
          0.7320042900486596,
          0.6429538609308274,
          0.7890016257169621,
          0.5661117998657736,
          0.6093520917527124,
          0.5936280010928624
        ],
        "selection_counts": [
          2,
          2,
          2,
          2,
          2,
          2,
          2,
          2
        ],
        "computation_times": [
          2.2246837615966797,
          1.9419193267822266,
          2.071857452392578,
          1.9311904907226562,
          2.028226852416992,
          1.9457340240478516,
          2.0210742950439453,
          1.8985271453857422
        ]
      },
      "curriculum_final_stage": 0
    }
  },
  "statistical_significance": {
    "accuracy": {
      "v1_vs_baseline": {
        "improvement": -0.0710639368342223,
        "significant": true
      },
      "v2_vs_baseline": {
        "improvement": 0.006415646259519625,
        "significant": false
      },
      "v2_vs_v1": {
        "improvement": 0.07747958309374192,
        "significant": true
      }
    },
    "diversity": {
      "v1_vs_baseline": {
        "improvement": -0.281875,
        "significant": true
      },
      "v2_vs_baseline": {
        "improvement": -0.22218749999999998,
        "significant": true
      },
      "v2_vs_v1": {
        "improvement": 0.059687500000000004,
        "significant": true
      }
    },
    "efficiency": {
      "v1_vs_baseline": {
        "improvement": -0.15625416636466982,
        "significant": true
      },
      "v2_vs_baseline": {
        "improvement": -0.15974804162979128,
        "significant": true
      },
      "v2_vs_v1": {
        "improvement": -0.00349387526512146,
        "significant": false
      }
    },
    "quality": {
      "v1_vs_baseline": {
        "improvement": -0.005443094470898413,
        "significant": false
      },
      "v2_vs_baseline": {
        "improvement": 0.2030924474513971,
        "significant": true
      },
      "v2_vs_v1": {
        "improvement": 0.2085355419222955,
        "significant": true
      }
    }
  },
  "recommendations": [
    "Baseline performs surprisingly well",
    "Investigate if added complexity is justified"
  ],
  "go_hold_decision": "GO - Strong performance improvements with statistical significance",
  "format_compliance_total": 24,
  "format_compliance_ok": 24,
  "format_compliance_rate": 1.0
}